{
  "type": "minecraft:chest",
  "pools": [
    {
      "rolls": {
        "min": 1,
        "max": 1
      },
      "bonus_rolls": {
        "min": 0,
        "max": 0
      },
      "entries": [
        {
          "type": "minecraft:item",
          "name": "minecraft:apple",
          "functions": [
            {
              "function": "minecraft:set_count",
              "count": {
                "min": 3,
                "max": 5
              }
            }
          ]
        }
      ]
    },
    {
      "rolls": {
        "min": 1,
        "max": 1
      },
      "bonus_rolls": {
        "min": 0,
        "max": 0
      },
      "entries": [
        {
          "type": "minecraft:item",
          "name": "minecraft:oak_sapling",
          "functions": [
            {
              "function": "minecraft:set_count",
              "count": {
                "min": 1,
                "max": 1
              }
            }
          ]
        }
      ]
    },
    {
      "rolls": {
        "min": 1,
        "max": 1
      },
      "bonus_rolls": {
        "min": 0,
        "max": 0
      },
      "entries": [
        {
          "type": "minecraft:item",
          "name": "minecraft:birch_sapling",
          "functions": [
            {
              "function": "minecraft:set_count",
              "count": {
                "min": 1,
                "max": 1
              }
            }
          ]
        }
      ]
    },
    {
      "rolls": {
        "min": 1,
        "max": 1
      },
      "bonus_rolls": {
        "min": 0,
        "max": 0
      },
      "entries": [
        {
          "type": "minecraft:item",
          "name": "minecraft:grass_block",
          "functions": [
            {
              "function": "minecraft:set_count",
              "count": {
                "min": 1,
                "max": 1
              }
            }
          ]
        }
      ]
    },
    {
      "rolls": {
        "min": 1,
        "max": 1
      },
      "bonus_rolls": {
        "min": 0,
        "max": 0
      },
      "entries": [
        {
          "type": "minecraft:item",
          "name": "minecraft:egg",
          "functions": [
            {
              "function": "minecraft:set_count",
              "count": {
                "min": 2,
                "max": 3
              }
            }
          ]
        }
      ]
    },
    {
      "rolls": {
        "min": 1,
        "max": 1
      },
      "bonus_rolls": {
        "min": 0,
        "max": 0
      },
      "entries": [
        {
          "type": "minecraft:item",
          "name": "minecraft:golden_carrot",
          "functions": [
            {
              "function": "minecraft:set_count",
              "count": {
                "min": 1,
                "max": 1
              }
            }
          ]
        }
      ]
    },
    {
      "rolls": {
        "min": 1,
        "max": 1
      },
      "bonus_rolls": {
        "min": 0,
        "max": 0
      },
      "entries": [
        {
          "type": "minecraft:item",
          "name": "minecraft:bundle",
          "functions": [
            {
              "function": "minecraft:set_count",
              "count": {
                "min": 1,
                "max": 2
              }
            }
          ]
        }
      ]
    }
  ]
}