{
  "display": {
    "icon": {
      "id": "minecraft:barrier"
    },
    "title": {
      "translate": "World Boarder"
    },
    "description": {
      "translate": "World Boarder By Gamerz_Riot"
    },
    "frame": "task",
    "show_toast": false,
    "announce_to_chat": false,
    "hidden": true
  },
  "parent": "gamerz_riot:root",
  "criteria": {
    "+x_pos_limit_overworld": {
      "trigger": "minecraft:location",
      "conditions": {
        "player": [
          {
            "condition": "minecraft:entity_properties",
            "entity": "this",
            "predicate": {
              "location": {
                "position": {
                  "x": {
                    "min": 1500
                  }
                }
              }
            }
          }
        ]
      }
    },
    "-x_pos_limit_overworld": {
      "trigger": "minecraft:location",
      "conditions": {
        "player": [
          {
            "condition": "minecraft:entity_properties",
            "entity": "this",
            "predicate": {
              "location": {
                "position": {
                  "x": {
                    "max": -1500
                  }
                }
              }
            }
          }
        ]
      }
    },
    "-z_pos_limit_overworld": {
      "trigger": "minecraft:location",
      "conditions": {
        "player": [
          {
            "condition": "minecraft:entity_properties",
            "entity": "this",
            "predicate": {
              "location": {
                "position": {
                  "z": {
                    "max": -1500
                  }
                }
              }
            }
          }
        ]
      }
    },
    "+z_pos_limit_overworld": {
      "trigger": "minecraft:location",
      "conditions": {
        "player": [
          {
            "condition": "minecraft:entity_properties",
            "entity": "this",
            "predicate": {
              "location": {
                "position": {
                  "z": {
                    "min": 1500
                  }
                }
              }
            }
          }
        ]
      }
    }
  },
  "requirements": [
    [
      "+x_pos_limit_overworld",
      "-x_pos_limit_overworld",
      "+z_pos_limit_overworld",
      "-z_pos_limit_overworld"
    ]
  ],
  "rewards": {
    "function": "gamerz_riot:fns/world_border"
  }
}
